{
  "BTC": {
    "phase": "ZONE",
    "last_setup_check": 1784646217449,
    "zone": {
      "direction": "SHORT",
      "kval": 80.53710663627375,
      "atr15": 175.54399400376172,
      "expires_t": 1784653417449,
      "seq": {
        "ttl": 3,
        "pattern_ext": 66877.0,
        "doji_t": 1784644800000,
        "c1_t": null,
        "confirms": 0,
        "rules": []
      },
      "last_5m_t": 1784645700000
    },
    "trade": null
  },
  "ETH": {
    "phase": "SCAN",
    "last_setup_check": 1784646218394,
    "zone": null,
    "trade": null
  },
  "HYPE": {
    "phase": "SCAN",
    "last_setup_check": 1784646218861,
    "zone": null,
    "trade": null
  },
  "SOL": {
    "phase": "ZONE",
    "last_setup_check": 1784646219449,
    "zone": {
      "direction": "LONG",
      "kval": 17.681503784854467,
      "atr15": 0.23684763777010498,
      "expires_t": 1784653419449,
      "seq": null,
      "last_5m_t": 1784645700000
    },
    "trade": null
  },
  "ZEC": {
    "phase": "SCAN",
    "last_setup_check": 1784646220269,
    "zone": null,
    "trade": null
  },
  "XRP": {
    "phase": "ZONE",
    "last_setup_check": 1784646220589,
    "zone": {
      "direction": "SHORT",
      "kval": 87.36285942027023,
      "atr15": 0.003753468767419205,
      "expires_t": 1784653420589,
      "seq": {
        "ttl": 6,
        "pattern_ext": 1.1494,
        "doji_t": 1784645700000,
        "c1_t": null,
        "confirms": 0,
        "rules": []
      },
      "last_5m_t": 1784645700000
    },
    "trade": null
  },
  "PUMP": {
    "phase": "SCAN",
    "last_setup_check": 1784646221088,
    "zone": null,
    "trade": null
  },
  "CASHCAT": {
    "phase": "SCAN",
    "last_setup_check": 1784646222308,
    "zone": null,
    "trade": null
  },
  "kBONK": {
    "phase": "SCAN",
    "last_setup_check": 1784646224014,
    "zone": null,
    "trade": null
  },
  "ONDO": {
    "phase": "ZONE",
    "last_setup_check": 1784646221392,
    "zone": {
      "direction": "SHORT",
      "kval": 77.68736643673942,
      "atr15": 0.004291122055486581,
      "expires_t": 1784653421392,
      "seq": {
        "ttl": 6,
        "pattern_ext": 0.40896,
        "doji_t": 1784645700000,
        "c1_t": null,
        "confirms": 0,
        "rules": []
      },
      "last_5m_t": 1784645700000
    },
    "trade": null
  },
  "NEAR": {
    "phase": "SCAN",
    "last_setup_check": 1784646224317,
    "zone": null,
    "trade": null
  },
  "LIT": {
    "phase": "SCAN",
    "last_setup_check": 1784646223400,
    "zone": null,
    "trade": null
  },
  "FARTCOIN": {
    "phase": "SCAN",
    "last_setup_check": 1784646224690,
    "zone": null,
    "trade": null
  },
  "DOGE": {
    "phase": "SCAN",
    "last_setup_check": 1784646222931,
    "zone": null,
    "trade": null
  },
  "AAVE": {
    "phase": "SCAN",
    "last_setup_check": 1784646227367,
    "zone": null,
    "trade": null
  },
  "ENA": {
    "phase": "SCAN",
    "last_setup_check": 1784638549449,
    "zone": null,
    "trade": null
  },
  "ADA": {
    "phase": "SCAN",
    "last_setup_check": 1784646228178,
    "zone": null,
    "trade": null
  },
  "ACE": {
    "phase": "SCAN",
    "last_setup_check": 1784646230166,
    "zone": null,
    "trade": null
  },
  "WLD": {
    "phase": "SCAN",
    "last_setup_check": 1784646229564,
    "zone": null,
    "trade": null
  },
  "SUI": {
    "phase": "SCAN",
    "last_setup_check": 1784646227741,
    "zone": null,
    "trade": null
  },
  "TAO": {
    "phase": "SCAN",
    "last_setup_check": 1784646230464,
    "zone": null,
    "trade": null
  },
  "VVV": {
    "phase": "IN_TRADE",
    "last_setup_check": 1784638551644,
    "zone": null,
    "trade": {
      "verdict": "SHORT",
      "entry": 12.944,
      "stop": 13.116363489825295,
      "tp1": 12.599273020349413,
      "tp2": 12.426909530524119,
      "tp1_hit": false,
      "opened_t": 1784637720000,
      "checked_t": 1784645700000
    }
  },
  "kPEPE": {
    "phase": "SCAN",
    "last_setup_check": 1784646230789,
    "zone": null,
    "trade": null
  },
  "VIRTUAL": {
    "phase": "ZONE",
    "last_setup_check": 1784646233727,
    "zone": {
      "direction": "SHORT",
      "kval": 71.14458815410421,
      "atr15": 0.005117873479556771,
      "expires_t": 1784653433727,
      "seq": null,
      "last_5m_t": 1784645700000
    },
    "trade": null
  },
  "KAITO": {
    "phase": "SCAN",
    "last_setup_check": 1784646226733,
    "zone": null,
    "trade": null
  },
  "MON": {
    "phase": "SCAN",
    "last_setup_check": 1784646231107,
    "zone": null,
    "trade": null
  },
  "BCH": {
    "phase": "SCAN",
    "last_setup_check": 1784646231408,
    "zone": null,
    "trade": null
  },
  "AVAX": {
    "phase": "SCAN",
    "last_setup_check": 1784646235043,
    "zone": null,
    "trade": null
  },
  "UNI": {
    "phase": "ZONE",
    "last_setup_check": 1784646237781,
    "zone": {
      "direction": "LONG",
      "kval": 8.97806717925615,
      "atr15": 0.015244311668380578,
      "expires_t": 1784653437781,
      "seq": {
        "ttl": 4,
        "pattern_ext": 3.6471,
        "doji_t": 1784645100000,
        "c1_t": null,
        "confirms": 0,
        "rules": []
      },
      "last_5m_t": 1784645700000
    },
    "trade": null
  },
  "HEMI": {
    "phase": "SCAN",
    "last_setup_check": 1784646234252,
    "zone": null,
    "trade": null
  },
  "XPL": {
    "phase": "SCAN",
    "last_setup_check": 1784646231708,
    "zone": null,
    "trade": null
  },
  "XMR": {
    "phase": "ZONE",
    "last_setup_check": 1784646233032,
    "zone": {
      "direction": "SHORT",
      "kval": 87.2146118721458,
      "atr15": 1.4320766120130184,
      "expires_t": 1784653433032,
      "seq": null,
      "last_5m_t": 1784645700000
    },
    "trade": null
  },
  "LINK": {
    "phase": "ZONE",
    "last_setup_check": 1784646235625,
    "zone": {
      "direction": "LONG",
      "kval": 14.364035087719811,
      "atr15": 0.02810593026246218,
      "expires_t": 1784653435625,
      "seq": null,
      "last_5m_t": 1784645700000
    },
    "trade": null
  },
  "PAXG": {
    "phase": "ZONE",
    "last_setup_check": 1784646237173,
    "zone": {
      "direction": "SHORT",
      "kval": 84.70228601807618,
      "atr15": 6.499395721676387,
      "expires_t": 1784653437173,
      "seq": null,
      "last_5m_t": 1784645700000
    },
    "trade": null
  },
  "SPX": {
    "phase": "SCAN",
    "last_setup_check": 1784646240820,
    "zone": null,
    "trade": null
  },
  "BNB": {
    "phase": "ZONE",
    "last_setup_check": 1784646236238,
    "zone": {
      "direction": "LONG",
      "kval": 26.0093896713619,
      "atr15": 1.067188066145864,
      "expires_t": 1784653436238,
      "seq": null,
      "last_5m_t": 1784645700000
    },
    "trade": null
  },
  "LTC": {
    "phase": "SCAN",
    "last_setup_check": 1784646234743,
    "zone": null,
    "trade": null
  },
  "ZRO": {
    "phase": "ZONE",
    "last_setup_check": 1784646238550,
    "zone": {
      "direction": "SHORT",
      "kval": 89.13490413490409,
      "atr15": 0.00758451656101495,
      "expires_t": 1784653438550,
      "seq": null,
      "last_5m_t": 1784645700000
    },
    "trade": null
  },
  "JTO": {
    "phase": "ZONE",
    "last_setup_check": 1784646232013,
    "zone": {
      "direction": "SHORT",
      "kval": 82.70475002736686,
      "atr15": 0.005914439336507672,
      "expires_t": 1784653432013,
      "seq": null,
      "last_5m_t": 1784645700000
    },
    "trade": null
  },
  "INJ": {
    "phase": "ZONE",
    "last_setup_check": 1784646240149,
    "zone": {
      "direction": "LONG",
      "kval": 9.434028071693575,
      "atr15": 0.022605904003749462,
      "expires_t": 1784653440149,
      "seq": null,
      "last_5m_t": 1784645700000
    },
    "trade": null
  },
  "CRV": {
    "phase": "SCAN",
    "last_setup_check": 1784646241419,
    "zone": null,
    "trade": null
  },
  "PENDLE": {
    "phase": "SCAN",
    "last_setup_check": 1784646239563,
    "zone": null,