{
  "BTC": {
    "phase": "SCAN",
    "last_setup_check": 1784725566567,
    "zone": null,
    "trade": null,
    "last_candle_t": 1784865600000,
    "setup": null
  },
  "ETH": {
    "phase": "IN_TRADE",
    "last_setup_check": 1784725566832,
    "zone": null,
    "trade": {
      "verdict": "LONG",
      "entry": 1870.5,
      "stop": 1864.1434781023288,
      "tp": 1883.7,
      "opened_t": 1784853900000,
      "checked_t": 1784865600000
    },
    "last_candle_t": 1784853900000,
    "setup": null
  },
  "HYPE": {
    "phase": "SCAN",
    "last_setup_check": 1784725567190,
    "zone": {
      "direction": "LONG",
      "kval": 25.139475338054325,
      "atr_ctx": 0.4445802777068824,
      "expires_t": 1784727738480,
      "seq": null,
      "last_exec_t": 1784725200000
    },
    "trade": null,
    "last_candle_t": 1784865600000,
    "setup": null
  },
  "SOL": {
    "phase": "SCAN",
    "last_setup_check": 1784725567805,
    "zone": null,
    "trade": null,
    "last_candle_t": 1784865600000,
    "setup": null
  },
  "ZEC": {
    "phase": "SCAN",
    "last_setup_check": 1784725568277,
    "zone": {
      "direction": "LONG",
      "kval": 21.958239981780167,
      "atr_ctx": 4.246772109941924,
      "expires_t": 1784727739871,
      "seq": null,
      "last_exec_t": 1784725200000
    },
    "trade": null,
    "last_candle_t": 1784865600000,
    "setup": null
  },
  "XRP": {
    "phase": "SCAN",
    "last_setup_check": 1784725568905,
    "zone": null,
    "trade": null,
    "last_candle_t": 1784865600000,
    "setup": null
  },
  "PUMP": {
    "phase": "SCAN",
    "last_setup_check": 1784725569300,
    "zone": {
      "direction": "LONG",
      "kval": 22.57715402876703,
      "atr_ctx": 2.6283305181124826e-05,
      "expires_t": 1784727740812,
      "seq": null,
      "last_exec_t": 1784725200000
    },
    "trade": null,
    "last_candle_t": 1784865600000,
    "setup": null
  },
  "CASHCAT": {
    "phase": "SCAN",
    "last_setup_check": 1784725571561,
    "zone": null,
    "trade": null,
    "last_candle_t": 1784865600000,
    "setup": null
  },
  "kBONK": {
    "phase": "SCAN",
    "last_setup_check": 1784725581000,
    "zone": {
      "direction": "SHORT",
      "kval": 71.69811320754701,
      "atr_ctx": 3.083841033351375e-05,
      "expires_t": 1784739981000,
      "seq": null,
      "last_exec_t": 1784725200000
    },
    "trade": null,
    "last_candle_t": 1784750400000,
    "setup": null
  },
  "ONDO": {
    "phase": "SCAN",
    "last_setup_check": 1784725570050,
    "zone": null,
    "trade": null,
    "last_candle_t": 1784817000000,
    "setup": null
  },
  "NEAR": {
    "phase": "SCAN",
    "last_setup_check": 1784725570305,
    "zone": {
      "direction": "LONG",
      "kval": 19.55935170950546,
      "atr_ctx": 0.01366855639356595,
      "expires_t": 1784727742216,
      "seq": null,
      "last_exec_t": 1784725200000
    },
    "trade": null,
    "last_candle_t": 1784809800000,
    "setup": null
  },
  "LIT": {
    "phase": "SCAN",
    "last_setup_check": 1784725569697,
    "zone": null,
    "trade": null,
    "last_candle_t": 1784865600000,
    "setup": null
  },
  "FARTCOIN": {
    "phase": "SCAN",
    "last_setup_check": 1784725574053,
    "zone": null,
    "trade": null,
    "last_candle_t": 1784730600000,
    "setup": null
  },
  "DOGE": {
    "phase": "SCAN",
    "last_setup_check": 1784725574414,
    "zone": {
      "direction": "LONG",
      "kval": 23.140219931298162,
      "atr_ctx": 0.00027141114356160113,
      "expires_t": 1784727743354,
      "seq": null,
      "last_exec_t": 1784725200000
    },
    "trade": null,
    "last_candle_t": 1784865600000,
    "setup": null
  },
  "AAVE": {
    "phase": "SCAN",
    "last_setup_check": 1784725570798,
    "zone": null,
    "trade": null,
    "last_candle_t": 1784731500000,
    "setup": null
  },
  "ENA": {
    "phase": "IN_TRADE",
    "last_setup_check": 1784725572041,
    "zone": {
      "direction": "SHORT",
      "kval": 81.08672936259153,
      "atr_ctx": 0.0007476494420503976,
      "expires_t": 1784739972041,
      "seq": null,
      "last_exec_t": 1784725200000
    },
    "trade": {
      "verdict": "LONG",
      "entry": 0.089312,
      "stop": 0.08577615262356088,
      "tp": 0.09461577106465868,
      "opened_t": 1784734200000,
      "checked_t": 1784865600000
    },
    "last_candle_t": 1784734200000,
    "setup": null
  },
  "ADA": {
    "phase": "ARMED",
    "last_setup_check": 1784725578170,
    "zone": null,
    "trade": null,
    "last_candle_t": 1784809800000,
    "setup": {
      "direction": "SHORT",
      "level": 0.17307,
      "touched": false,
      "break_vol": 1147045.0,
      "swing": null,
      "expires_t": 1784817000000
    }
  },
  "ACE": {
    "phase": "SCAN",
    "last_setup_check": 1784725586628,
    "zone": null,
    "trade": null,
    "last_candle_t": 1784750400000,
    "setup": null
  },
  "WLD": {
    "phase": "ARMED",
    "last_setup_check": 1784725575816,
    "zone": null,
    "trade": null,
    "last_candle_t": 1784809800000,
    "setup": {
      "direction": "SHORT",
      "level": 0.37963,
      "touched": false,
      "break_vol": 1097529.4,
      "swing": null,
      "expires_t": 1784817000000
    }
  },
  "SUI": {
    "phase": "ARMED",
    "last_setup_check": 1784725573577,
    "zone": null,
    "trade": null,
    "last_candle_t": 1784809800000,
    "setup": {
      "direction": "SHORT",
      "level": 0.76204,
      "touched": false,
      "break_vol": 585733.3,
      "swing": null,
      "expires_t": 1784817000000
    }
  },
  "TAO": {
    "phase": "SCAN",
    "last_setup_check": 1784725576595,
    "zone": {
      "direction": "LONG",
      "kval": 19.223880597014624,
      "atr_ctx": 1.1679849858491111,
      "expires_t": 1784727747520,
      "seq": null,
      "last_exec_t": 1784725200000
    },
    "trade": null,
    "last_candle_t": 1784809800000,
    "setup": null
  },
  "VVV": {
    "phase": "ARMED",
    "last_setup_check": 1784725577808,
    "zone": null,
    "trade": null,
    "last_candle_t": 1784750400000,
    "setup": {
      "direction": "SHORT",
      "level": 12.257,
      "touched": false,
      "expires_t": 1784790000000
    }
  },
  "kPEPE": {
    "phase": "SCAN",
    "last_setup_check": 1784725584804,
    "zone": null,
    "trade": null,
    "last_candle_t": 1784750400000,
    "setup": null
  },
  "VIRTUAL": {
    "phase": "SCAN",
    "last_setup_check": 1784725576082,
    "zone": {
      "direction": "SHORT",
      "kval": 76.35591584636175,
      "atr_ctx": 0.004216413499713062,
      "expires_t": 1784739976082,
      "seq": {
        "ttl": 5,
        "pattern_ext": 0.65675,
        "doji_t": 1784724900000,
        "c1_t": null,
        "confirms": 0,
        "rules": []
      },
      "last_exec_t": 1784725200000
    },
    "trade": null,
    "last_candle_t": 1784746800000,
    "setup": null
  },
  "KAITO": {
    "phase": "ARMED",
    "last_setup_check": 1784725575558,
    "zone": null,
    "trade": null,
    "last_candle_t": 1784750400000,
    "setup": {
      "direction": "LONG",
      "level": 0.99055,
      "touched": false,
      "expires_t": 1784793600000
    }
  },
  "MON": {
    "phase": "SCAN",
    "last_setup_check": 1784725582557,
    "zone": {
      "direction": "SHORT",
      "kval": 76.91862148856069,
      "atr_ctx": 0.00023320907673739992,
      "expires_t": 1784734260801,
      "seq": {
        "ttl": 5,
        "pattern_ext": 0.023581,
        "doji_t": 1784724900000,
        "c1_t": null,
        "confirms": 0,
        "rules": []
      },
      "last_exec_t": 1784725200000
    },
    "trade": null,
    "last_candle_t": 1784750400000,
    "setup": null
  },
  "BCH": {
    "phase": "SCAN",
    "last_setup_check": 1784725575027,
    "zone": {
      "direction": "LONG",
      "kval": 16.02564102564088,
      "atr_ctx": 0.9841563969979286,
      "expires_t": 1784727748830,
      "seq": null,
      "last_exec_t": 1784725200000
    },
    "trade": null,
    "last_candle_t": 1784750400000,