{
  "BTC": {
    "phase": "SCAN",
    "last_setup_check": 1784651919035,
    "zone": null,
    "trade": null
  },
  "ETH": {
    "phase": "SCAN",
    "last_setup_check": 1784651919571,
    "zone": null,
    "trade": null
  },
  "HYPE": {
    "phase": "ZONE",
    "last_setup_check": 1784651919847,
    "zone": {
      "direction": "LONG",
      "kval": 13.11221359964653,
      "atr15": 0.30287160315018546,
      "expires_t": 1784659119847,
      "seq": null,
      "last_5m_t": 1784651400000
    },
    "trade": null
  },
  "SOL": {
    "phase": "ZONE",
    "last_setup_check": 1784651920433,
    "zone": {
      "direction": "LONG",
      "kval": 17.681503784854467,
      "atr15": 0.23684763777010498,
      "expires_t": 1784653419449,
      "seq": {
        "ttl": 1,
        "pattern_ext": 77.936,
        "doji_t": 1784649900000,
        "c1_t": null,
        "confirms": 0,
        "rules": []
      },
      "last_5m_t": 1784651400000
    },
    "trade": null
  },
  "ZEC": {
    "phase": "SCAN",
    "last_setup_check": 1784651920874,
    "zone": null,
    "trade": null
  },
  "XRP": {
    "phase": "ZONE",
    "last_setup_check": 1784651921151,
    "zone": {
      "direction": "SHORT",
      "kval": 87.36285942027023,
      "atr15": 0.003753468767419205,
      "expires_t": 1784653420589,
      "seq": null,
      "last_5m_t": 1784651400000
    },
    "trade": null
  },
  "PUMP": {
    "phase": "SCAN",
    "last_setup_check": 1784651921589,
    "zone": null,
    "trade": null
  },
  "CASHCAT": {
    "phase": "ZONE",
    "last_setup_check": 1784651924085,
    "zone": {
      "direction": "LONG",
      "kval": 28.077016346740862,
      "atr15": 0.002272348526516936,
      "expires_t": 1784659124085,
      "seq": null,
      "last_5m_t": 1784651400000
    },
    "trade": null
  },
  "kBONK": {
    "phase": "ZONE",
    "last_setup_check": 1784651922816,
    "zone": {
      "direction": "LONG",
      "kval": 17.299578059071816,
      "atr15": 2.360475760111959e-05,
      "expires_t": 1784659122816,
      "seq": null,
      "last_5m_t": 1784651400000
    },
    "trade": null
  },
  "ONDO": {
    "phase": "SCAN",
    "last_setup_check": 1784651921878,
    "zone": null,
    "trade": null
  },
  "NEAR": {
    "phase": "SCAN",
    "last_setup_check": 1784651923421,
    "zone": null,
    "trade": null
  },
  "LIT": {
    "phase": "SCAN",
    "last_setup_check": 1784651922254,
    "zone": null,
    "trade": null
  },
  "FARTCOIN": {
    "phase": "SCAN",
    "last_setup_check": 1784651925697,
    "zone": null,
    "trade": null
  },
  "DOGE": {
    "phase": "SCAN",
    "last_setup_check": 1784651923699,
    "zone": null,
    "trade": null
  },
  "AAVE": {
    "phase": "ZONE",
    "last_setup_check": 1784651924509,
    "zone": {
      "direction": "SHORT",
      "kval": 88.41064992617423,
      "atr15": 0.5514705462680173,
      "expires_t": 1784659124509,
      "seq": null,
      "last_5m_t": 1784651400000
    },
    "trade": null
  },
  "ENA": {
    "phase": "ZONE",
    "last_setup_check": 1784651925035,
    "zone": {
      "direction": "LONG",
      "kval": 27.269795194323475,
      "atr15": 0.0005522472980510752,
      "expires_t": 1784659125035,
      "seq": null,
      "last_5m_t": 1784651400000
    },
    "trade": null
  },
  "ADA": {
    "phase": "SCAN",
    "last_setup_check": 1784651927358,
    "zone": null,
    "trade": null
  },
  "ACE": {
    "phase": "SCAN",
    "last_setup_check": 1784651929426,
    "zone": null,
    "trade": null
  },
  "WLD": {
    "phase": "SCAN",
    "last_setup_check": 1784651929130,
    "zone": null,
    "trade": null
  },
  "SUI": {
    "phase": "SCAN",
    "last_setup_check": 1784651927069,
    "zone": null,
    "trade": null
  },
  "TAO": {
    "phase": "SCAN",
    "last_setup_check": 1784651929719,
    "zone": null,
    "trade": null
  },
  "VVV": {
    "phase": "SCAN",
    "last_setup_check": 1784638551644,
    "zone": null,
    "trade": null
  },
  "kPEPE": {
    "phase": "SCAN",
    "last_setup_check": 1784651929990,
    "zone": null,
    "trade": null
  },
  "VIRTUAL": {
    "phase": "SCAN",
    "last_setup_check": 1784651936017,
    "zone": null,
    "trade": null
  },
  "KAITO": {
    "phase": "ZONE",
    "last_setup_check": 1784651926258,
    "zone": {
      "direction": "LONG",
      "kval": 15.371973974959628,
      "atr15": 0.010778598112736916,
      "expires_t": 1784659126258,
      "seq": null,
      "last_5m_t": 1784651400000
    },
    "trade": null
  },
  "MON": {
    "phase": "ZONE",
    "last_setup_check": 1784651932479,
    "zone": {
      "direction": "SHORT",
      "kval": 72.94444444444453,
      "atr15": 0.0001466040070677609,
      "expires_t": 1784659132479,
      "seq": {
        "ttl": 2,
        "pattern_ext": 0.023301,
        "doji_t": 1784650200000,
        "c1_t": 1784651400000,
        "confirms": 1,
        "rules": [
          [
            [
              "Red HA candle",
              true
            ],
            [
              "Large body",
              true
            ],
            [
              "No upper wick",
              true
            ]
          ]
        ]
      },
      "last_5m_t": 1784651400000
    },
    "trade": null
  },
  "BCH": {
    "phase": "SCAN",
    "last_setup_check": 1784651930386,
    "zone": null,
    "trade": null
  },
  "AVAX": {
    "phase": "SCAN",
    "last_setup_check": 1784651934007,
    "zone": null,
    "trade": null
  },
  "UNI": {
    "phase": "ZONE",
    "last_setup_check": 1784651935611,
    "zone": {
      "direction": "LONG",
      "kval": 8.97806717925615,
      "atr15": 0.015244311668380578,
      "expires_t": 1784653437781,
      "seq": null,
      "last_5m_t": 1784651400000
    },
    "trade": null
  },
  "HEMI": {
    "phase": "SCAN",
    "last_setup_check": 1784651934921,
    "zone": null,
    "trade": null
  },
  "XPL": {
    "phase": "SCAN",
    "last_setup_check": 1784651933037,
    "zone": null,
    "trade": null
  },
  "XMR": {
    "phase": "ZONE",
    "last_setup_check": 1784651930765,
    "zone": {
      "direction": "SHORT",
      "kval": 87.2146118721458,
      "atr15": 1.4320766120130184,
      "expires_t": 1784653433032,
      "seq": null,
      "last_5m_t": 1784651400000
    },
    "trade": null
  },
  "LINK": {
    "phase": "ZONE",
    "last_setup_check": 1784651933302,
    "zone": {
      "direction": "LONG",
      "kval": 14.364035087719811,
      "atr15": 0.02810593026246218,
      "expires_t": 1784653435625,
      "seq": {
        "ttl": 1,
        "pattern_ext": 8.6632,
        "doji_t": 1784649900000,
        "c1_t": null,
        "confirms": 0,
        "rules": []
      },
      "last_5m_t": 1784651400000
    },
    "trade": null
  },
  "PAXG": {
    "phase": "ZONE",
    "last_setup_check": 1784651934390,
    "zone": {
      "direction": "SHORT",
      "kval": 84.70228601807618,
      "atr15": 6.499395721676387,
      "expires_t": 1784653437173,
      "seq": null,
      "last_5m_t": 1784651400000
    },
    "trade": null
  },
  "SPX": {
    "phase": "SCAN",
    "last_setup_check": 1784651941912,
    "zone": null,
    "trade": null
  },
  "BNB": {
    "phase": "ZONE",
    "last_setup_check": 1784651935194,
    "zone": {
      "direction": "LONG",
      "kval": 26.0093896713619,
      "atr15": 1.067188066145864,
      "expires_t": 1784653436238,
      "seq": {
        "ttl": 1,
        "pattern_ext": 574.07,
        "doji_t": 1784649900000,
        "c1_t": null,
        "confirms": 0,
        "rules": []
      },
      "last_5m_t": 1784651400000
    },
    "trade": null
  },
  "LTC": {
    "phase": "SCAN",
    "last_setup_check": 1784651933740,
    "zone": null,
    "trade": null
  },
  "ZRO": {
    "phase": "ZONE",
    "last_setup_check": 1784651936793,
    "zone": {
      "direction": "SHORT",
      "kval": 89.13490413490409,
      "atr15": 0.00758451656101495,
      "expires_t": 1784653438550,
      "seq": null,
      "last_5m_t": 1784651400000
    },
    "trade": null
  },
  "JTO": {
    "phase": "IN_TRADE",