{
  "BTC": {
    "phase": "SCAN",
    "last_setup_check": 1784656704530,
    "zone": null,
    "trade": null
  },
  "ETH": {
    "phase": "SCAN",
    "last_setup_check": 1784656704957,
    "zone": null,
    "trade": null
  },
  "HYPE": {
    "phase": "ZONE",
    "last_setup_check": 1784656705257,
    "zone": {
      "direction": "LONG",
      "kval": 13.11221359964653,
      "atr15": 0.30287160315018546,
      "expires_t": 1784659119847,
      "seq": null,
      "last_5m_t": 1784656200000
    },
    "trade": null
  },
  "SOL": {
    "phase": "SCAN",
    "last_setup_check": 1784656705785,
    "zone": null,
    "trade": null
  },
  "ZEC": {
    "phase": "ZONE",
    "last_setup_check": 1784656706094,
    "zone": {
      "direction": "LONG",
      "kval": 12.609935528886078,
      "atr15": 3.8647321562113697,
      "expires_t": 1784663906094,
      "seq": null,
      "last_5m_t": 1784656200000
    },
    "trade": null
  },
  "XRP": {
    "phase": "SCAN",
    "last_setup_check": 1784656706749,
    "zone": null,
    "trade": null
  },
  "PUMP": {
    "phase": "SCAN",
    "last_setup_check": 1784656707095,
    "zone": null,
    "trade": null
  },
  "CASHCAT": {
    "phase": "ZONE",
    "last_setup_check": 1784656709894,
    "zone": {
      "direction": "LONG",
      "kval": 28.077016346740862,
      "atr15": 0.002272348526516936,
      "expires_t": 1784659124085,
      "seq": null,
      "last_5m_t": 1784656200000
    },
    "trade": null
  },
  "kBONK": {
    "phase": "ZONE",
    "last_setup_check": 1784656709099,
    "zone": {
      "direction": "LONG",
      "kval": 17.299578059071816,
      "atr15": 2.360475760111959e-05,
      "expires_t": 1784659122816,
      "seq": null,
      "last_5m_t": 1784656200000
    },
    "trade": null
  },
  "ONDO": {
    "phase": "ZONE",
    "last_setup_check": 1784656707553,
    "zone": {
      "direction": "LONG",
      "kval": 11.971964299368738,
      "atr15": 0.0037493325458029503,
      "expires_t": 1784663907553,
      "seq": {
        "ttl": 5,
        "pattern_ext": 0.39519,
        "doji_t": 1784655900000,
        "c1_t": null,
        "confirms": 0,
        "rules": []
      },
      "last_5m_t": 1784656200000
    },
    "trade": null
  },
  "NEAR": {
    "phase": "SCAN",
    "last_setup_check": 1784656708519,
    "zone": null,
    "trade": null
  },
  "LIT": {
    "phase": "SCAN",
    "last_setup_check": 1784656708185,
    "zone": null,
    "trade": null
  },
  "FARTCOIN": {
    "phase": "SCAN",
    "last_setup_check": 1784656712160,
    "zone": null,
    "trade": null
  },
  "DOGE": {
    "phase": "SCAN",
    "last_setup_check": 1784656709587,
    "zone": null,
    "trade": null
  },
  "AAVE": {
    "phase": "ZONE",
    "last_setup_check": 1784656710744,
    "zone": {
      "direction": "SHORT",
      "kval": 88.41064992617423,
      "atr15": 0.5514705462680173,
      "expires_t": 1784659124509,
      "seq": null,
      "last_5m_t": 1784656200000
    },
    "trade": null
  },
  "ENA": {
    "phase": "ZONE",
    "last_setup_check": 1784656711659,
    "zone": {
      "direction": "LONG",
      "kval": 27.269795194323475,
      "atr15": 0.0005522472980510752,
      "expires_t": 1784659125035,
      "seq": {
        "ttl": 3,
        "pattern_ext": 0.085276,
        "doji_t": 1784655300000,
        "c1_t": null,
        "confirms": 0,
        "rules": []
      },
      "last_5m_t": 1784656200000
    },
    "trade": null
  },
  "ADA": {
    "phase": "SCAN",
    "last_setup_check": 1784656714322,
    "zone": null,
    "trade": null
  },
  "ACE": {
    "phase": "SCAN",
    "last_setup_check": 1784656716469,
    "zone": null,
    "trade": null
  },
  "WLD": {
    "phase": "SCAN",
    "last_setup_check": 1784656714699,
    "zone": null,
    "trade": null
  },
  "SUI": {
    "phase": "SCAN",
    "last_setup_check": 1784656713546,
    "zone": null,
    "trade": null
  },
  "TAO": {
    "phase": "SCAN",
    "last_setup_check": 1784656715001,
    "zone": null,
    "trade": null
  },
  "VVV": {
    "phase": "SCAN",
    "last_setup_check": 1784656714027,
    "zone": null,
    "trade": null
  },
  "kPEPE": {
    "phase": "SCAN",
    "last_setup_check": 1784656715590,
    "zone": null,
    "trade": null
  },
  "VIRTUAL": {
    "phase": "ZONE",
    "last_setup_check": 1784656721805,
    "zone": {
      "direction": "LONG",
      "kval": 6.451275860024185,
      "atr15": 0.004200440936748233,
      "expires_t": 1784663921805,
      "seq": null,
      "last_5m_t": 1784656200000
    },
    "trade": null
  },
  "KAITO": {
    "phase": "ZONE",
    "last_setup_check": 1784656713064,
    "zone": {
      "direction": "LONG",
      "kval": 15.371973974959628,
      "atr15": 0.010778598112736916,
      "expires_t": 1784659126258,
      "seq": null,
      "last_5m_t": 1784656200000
    },
    "trade": null
  },
  "MON": {
    "phase": "SCAN",
    "last_setup_check": 1784656718382,
    "zone": null,
    "trade": null
  },
  "BCH": {
    "phase": "SCAN",
    "last_setup_check": 1784656715890,
    "zone": null,
    "trade": null
  },
  "AVAX": {
    "phase": "SCAN",
    "last_setup_check": 1784656719952,
    "zone": null,
    "trade": null
  },
  "UNI": {
    "phase": "SCAN",
    "last_setup_check": 1784656723857,
    "zone": null,
    "trade": null
  },
  "HEMI": {
    "phase": "ZONE",
    "last_setup_check": 1784656723254,
    "zone": {
      "direction": "SHORT",
      "kval": 83.56676003734826,
      "atr15": 8.24594920206075e-05,
      "expires_t": 1784663923254,
      "seq": null,
      "last_5m_t": 1784656200000
    },
    "trade": null
  },
  "XPL": {
    "phase": "ZONE",
    "last_setup_check": 1784656722446,
    "zone": {
      "direction": "LONG",
      "kval": 16.993962544018967,
      "atr15": 0.0005683245195961695,
      "expires_t": 1784663922446,
      "seq": null,
      "last_5m_t": 1784656200000
    },
    "trade": null
  },
  "XMR": {
    "phase": "SCAN",
    "last_setup_check": 1784656717060,
    "zone": null,
    "trade": null
  },
  "LINK": {
    "phase": "SCAN",
    "last_setup_check": 1784656717946,
    "zone": null,
    "trade": null
  },
  "PAXG": {
    "phase": "SCAN",
    "last_setup_check": 1784656720550,
    "zone": null,
    "trade": null
  },
  "SPX": {
    "phase": "ZONE",
    "last_setup_check": 1784656729938,
    "zone": {
      "direction": "LONG",
      "kval": 10.035401382435023,
      "atr15": 0.0025820615538274952,
      "expires_t": 1784663929938,
      "seq": null,
      "last_5m_t": 1784656200000
    },
    "trade": null
  },
  "BNB": {
    "phase": "ZONE",
    "last_setup_check": 1784656720859,
    "zone": {
      "direction": "LONG",
      "kval": 16.044868404449584,
      "atr15": 0.9591597330920433,
      "expires_t": 1784663920859,
      "seq": null,
      "last_5m_t": 1784656200000
    },
    "trade": null
  },
  "LTC": {
    "phase": "SCAN",
    "last_setup_check": 1784656718690,
    "zone": null,
    "trade": null
  },
  "ZRO": {
    "phase": "SCAN",
    "last_setup_check": 1784656724433,
    "zone": null,
    "trade": null
  },
  "JTO": {
    "phase": "IN_TRADE",
    "last_setup_check": 1784651931401,
    "zone": null,
    "trade": {
      "verdict": "SHORT",
      "entry": 0.61738,
      "stop": 0.6279588315439456,
      "tp1": 0.5962223369121089,
      "tp2": 0.5856435053681633,
      "tp1_hit": false,
      "opened_t": 1784650800000,
      "checked_t": 1784656200000
    }
  },
  "INJ": {
    "phase": "SCAN",
    "last_setup_check": 1784656725653,
    "zone": null,
    "trade": null
  },
  "CRV": {
    "phase": "IN_TRADE",
    "last_setup_check": 1784656728086,
    "zone": null,
    "trade": {
      "verdict": "LONG",
      "entry": 0.2143,
      "stop": 0.21366598726849284,
      "tp1": 0.2155680254630143,
      "tp2": 0.21620203819452144,
      "tp1_hit": false,
      "opened_t": 1784655600000,
      "checked_t": 1784655600000
    }
  },
  "PENDLE": {
    "phase": "SCAN",
    "last_setup_check": 1784656719356,
    "zone": null,
    "trade": null
  },
  "ARB": {
    "phase": "SCAN",