{
  "BTC": {
    "phase": "IN_TRADE",
    "last_setup_check": 1784336065434,
    "last_candle_t": 1784075400000,
    "seq": null,
    "trade": {
      "verdict": "SHORT",
      "entry": 64772.0,
      "stop": 65054.64441413426,
      "tp1": 64206.711171731484,
      "tp2": 63924.066757597226,
      "tp1_hit": false,
      "opened_t": 1784075400000,
      "checked_t": 1784075400000
    }
  },
  "ETH": {
    "phase": "IN_TRADE",
    "last_setup_check": 1784336069089,
    "last_candle_t": 1784211300000,
    "seq": null,
    "trade": {
      "verdict": "LONG",
      "entry": 1887.7,
      "stop": 1874.6667131408599,
      "tp1": 1913.7665737182804,
      "tp2": 1926.7998605774205,
      "tp1_hit": false,
      "opened_t": 1784211300000,
      "checked_t": 1784211300000
    }
  },
  "xyz:xyz:SKHX": {
    "phase": "SCAN",
    "last_setup_check": 1784336074610,
    "last_candle_t": 0,
    "seq": null,
    "trade": null
  },
  "xyz:xyz:XYZ100": {
    "phase": "SCAN",
    "last_setup_check": 1784336074872,
    "last_candle_t": 0,
    "seq": null,
    "trade": null
  },
  "xyz:xyz:SNDK": {
    "phase": "SCAN",
    "last_setup_check": 1784336075164,
    "last_candle_t": 0,
    "seq": null,
    "trade": null
  },
  "xyz:xyz:MU": {
    "phase": "SCAN",
    "last_setup_check": 1784336075445,
    "last_candle_t": 0,
    "seq": null,
    "trade": null
  },
  "HYPE": {
    "phase": "IN_TRADE",
    "last_setup_check": 1784336075730,
    "last_candle_t": 1784039400000,
    "seq": null,
    "trade": {
      "verdict": "SHORT",
      "entry": 64.588,
      "stop": 65.1073037025997,
      "tp1": 63.549392594800594,
      "tp2": 63.030088892200894,
      "tp1_hit": false,
      "opened_t": 1784039400000,
      "checked_t": 1784039400000
    }
  },
  "xyz:xyz:SP500": {
    "phase": "SCAN",
    "last_setup_check": 1784336078785,
    "last_candle_t": 0,
    "seq": null,
    "trade": null
  },
  "xyz:xyz:DRAM": {
    "phase": "SCAN",
    "last_setup_check": 1784336079107,
    "last_candle_t": 0,
    "seq": null,
    "trade": null
  },
  "xyz:xyz:SKHY": {
    "phase": "SCAN",
    "last_setup_check": 1784336079385,
    "last_candle_t": 0,
    "seq": null,
    "trade": null
  },
  "xyz:xyz:CL": {
    "phase": "SCAN",
    "last_setup_check": 1784336079710,
    "last_candle_t": 0,
    "seq": null,
    "trade": null
  },
  "xyz:xyz:SPCX": {
    "phase": "SCAN",
    "last_setup_check": 1784336079981,
    "last_candle_t": 0,
    "seq": null,
    "trade": null
  },
  "xyz:xyz:SILVER": {
    "phase": "SCAN",
    "last_setup_check": 1784336080246,
    "last_candle_t": 0,
    "seq": null,
    "trade": null
  },
  "xyz:xyz:BRENTOIL": {
    "phase": "SCAN",
    "last_setup_check": 1784336080523,
    "last_candle_t": 0,
    "seq": null,
    "trade": null
  },
  "SOL": {
    "phase": "IN_TRADE",
    "last_setup_check": 1784336080783,
    "last_candle_t": 1784297700000,
    "seq": null,
    "trade": {
      "verdict": "LONG",
      "entry": 74.427,
      "stop": 73.28007566023692,
      "tp1": 76.72084867952618,
      "tp2": 77.86777301928927,
      "tp1_hit": false,
      "opened_t": 1784297700000,
      "checked_t": 1784297700000
    }
  },
  "ZEC": {
    "phase": "CONFIRM",
    "last_setup_check": 1784336090544,
    "last_candle_t": 1784334600000,
    "seq": {
      "direction": "SHORT",
      "stage": "CONFIRM",
      "ttl": 6,
      "kval": 89.75850371006801,
      "pattern_ext": 547.69,
      "confirms": 0,
      "rules": []
    },
    "trade": null
  },
  "xyz:xyz:AAPL": {
    "phase": "SCAN",
    "last_setup_check": 1784336099958,
    "last_candle_t": 0,
    "seq": null,
    "trade": null
  },
  "xyz:xyz:SMSN": {
    "phase": "SCAN",
    "last_setup_check": 1784336100217,
    "last_candle_t": 0,
    "seq": null,
    "trade": null
  },
  "xyz:xyz:EWY": {
    "phase": "SCAN",
    "last_setup_check": 1784336100492,
    "last_candle_t": 0,
    "seq": null,
    "trade": null
  },
  "xyz:xyz:NVDA": {
    "phase": "SCAN",
    "last_setup_check": 1784336100757,
    "last_candle_t": 0,
    "seq": null,
    "trade": null
  },
  "xyz:xyz:META": {
    "phase": "SCAN",
    "last_setup_check": 1784336101033,
    "last_candle_t": 0,
    "seq": null,
    "trade": null
  },
  "CASHCAT": {
    "phase": "WAIT_DOJI",
    "last_setup_check": 1784336101295,
    "last_candle_t": 1784334600000,
    "seq": {
      "direction": "SHORT",
      "stage": "WAIT_DOJI",
      "ttl": 5,
      "kval": 84.06597616103078,
      "pattern_ext": null,
      "confirms": 0,
      "rules": []
    },
    "trade": null
  },
  "xyz:xyz:MRVL": {
    "phase": "SCAN",
    "last_setup_check": 1784336108473,
    "last_candle_t": 0,
    "seq": null,
    "trade": null
  },
  "xyz:xyz:INTC": {
    "phase": "SCAN",
    "last_setup_check": 1784336108747,
    "last_candle_t": 0,
    "seq": null,
    "trade": null
  },
  "xyz:xyz:CRCL": {
    "phase": "SCAN",
    "last_setup_check": 1784336109006,
    "last_candle_t": 0,
    "seq": null,
    "trade": null
  },
  "xyz:xyz:AMD": {
    "phase": "SCAN",
    "last_setup_check": 1784336109278,
    "last_candle_t": 0,
    "seq": null,
    "trade": null
  },
  "xyz:xyz:GOLD": {
    "phase": "SCAN",
    "last_setup_check": 1784336109537,
    "last_candle_t": 0,
    "seq": null,
    "trade": null
  },
  "LIT": {
    "phase": "IN_TRADE",
    "last_setup_check": 1784336109800,
    "last_candle_t": 1784092500000,
    "seq": null,
    "trade": {
      "verdict": "LONG",
      "entry": 2.6322,
      "stop": 2.576876823718542,
      "tp1": 2.742846352562916,
      "tp2": 2.7981695288443738,
      "tp1_hit": false,
      "opened_t": 1784092500000,
      "checked_t": 1784092500000
    }
  },
  "xyz:xyz:NBIS": {
    "phase": "SCAN",
    "last_setup_check": 1784336114300,
    "last_candle_t": 0,
    "seq": null,
    "trade": null
  },
  "xyz:xyz:GOOGL": {
    "phase": "SCAN",
    "last_setup_check": 1784336114559,
    "last_candle_t": 0,
    "seq": null,
    "trade": null
  },
  "xyz:xyz:TSLA": {
    "phase": "SCAN",
    "last_setup_check": 1784336114819,
    "last_candle_t": 0,
    "seq": null,
    "trade": null
  },
  "xyz:xyz:MSFT": {
    "phase": "SCAN",
    "last_setup_check": 1784336115081,
    "last_candle_t": 0,
    "seq": null,
    "trade": null
  },
  "XRP": {
    "phase": "IN_TRADE",
    "last_setup_check": 1784336115345,
    "last_candle_t": 1784290500000,
    "seq": null,
    "trade": {
      "verdict": "SHORT",
      "entry": 1.0811,
      "stop": 1.0860677469800286,
      "tp1": 1.0711645060399426,
      "tp2": 1.066196759059914,
      "tp1_hit": false,
      "opened_t": 1784290500000,
      "checked_t": 1784290500000
    }
  },
  "xyz:xyz:AMZN": {
    "phase": "SCAN",
    "last_setup_check": 1784336124778,
    "last_candle_t": 0,
    "seq": null,
    "trade": null
  },
  "KAITO": {
    "phase": "WAIT_DOJI",
    "last_setup_check": 1784336125038,
    "last_candle_t": 1784334600000,
    "seq": {
      "direction": "SHORT",
      "stage": "WAIT_DOJI",
      "ttl": 7,
      "kval": 87.85107292754485,
      "pattern_ext": null,
      "confirms": 0,
      "rules": []
    },
    "trade": null
  },
  "PUMP": {
    "phase": "IN_TRADE",
    "last_setup_check": 1784336131503,
    "last_candle_t": 1783996200000,
    "seq": null,
    "trade": {
      "verdict": "SHORT",
      "entry": 0.001473,
      "stop": 0.0015077738683582878,
      "tp1": 0.001403452263283424,
      "tp2": 0.0013686783949251361,
      "tp1_hit": false,
      "opened_t": 1783996200000,
      "checked_t": 1783996200000
    }
  },
  "NEAR": {
    "phase": "IN_TRADE",
    "last_setup_check": 1784336132964,
    "last_candle_t": 1784024100000,
    "seq": null,
    "trade": {
      "verdict": "LONG",
      "entry": 1.9906,
      "stop": 1.976542005067601,
      "tp1": 2.0187159898647975,
      "tp2": 2.0327739847971964,
      "tp1_hit": false,
      "opened_t": 1784024100000,
      "checked_t": 1784024100000
    }
  },
  "ONDO": {
    "phase": "IN_TRADE",
    "last_setup_check": 1784336134348,
    "last_candle_t": 1784064600000,