{
  "BTC": {
    "phase": "SCAN",
    "last_setup_check": 1784713337666,
    "zone": null,
    "trade": null
  },
  "ETH": {
    "phase": "SCAN",
    "last_setup_check": 1784713337976,
    "zone": null,
    "trade": null
  },
  "HYPE": {
    "phase": "ZONE",
    "last_setup_check": 1784713338480,
    "zone": {
      "direction": "LONG",
      "kval": 25.139475338054325,
      "atr_ctx": 0.4445802777068824,
      "expires_t": 1784727738480,
      "seq": null,
      "last_exec_t": 1784712900000
    },
    "trade": null
  },
  "SOL": {
    "phase": "ZONE",
    "last_setup_check": 1784713338946,
    "zone": {
      "direction": "LONG",
      "kval": 26.78838152385637,
      "atr_ctx": 0.29890014784289193,
      "expires_t": 1784727738946,
      "seq": null,
      "last_exec_t": 1784712900000
    },
    "trade": null
  },
  "ZEC": {
    "phase": "ZONE",
    "last_setup_check": 1784713339871,
    "zone": {
      "direction": "LONG",
      "kval": 21.958239981780167,
      "atr_ctx": 4.246772109941924,
      "expires_t": 1784727739871,
      "seq": {
        "ttl": 6,
        "pattern_ext": 513.99,
        "doji_t": 1784712900000,
        "c1_t": null,
        "confirms": 0,
        "rules": []
      },
      "last_exec_t": 1784712900000
    },
    "trade": null
  },
  "XRP": {
    "phase": "SCAN",
    "last_setup_check": 1784713340453,
    "zone": null,
    "trade": null
  },
  "PUMP": {
    "phase": "ZONE",
    "last_setup_check": 1784713340812,
    "zone": {
      "direction": "LONG",
      "kval": 22.57715402876703,
      "atr_ctx": 2.6283305181124826e-05,
      "expires_t": 1784727740812,
      "seq": null,
      "last_exec_t": 1784712900000
    },
    "trade": null
  },
  "CASHCAT": {
    "phase": "ZONE",
    "last_setup_check": 1784713344040,
    "zone": {
      "direction": "SHORT",
      "kval": 85.66743183551529,
      "atr_ctx": 0.002631528916068174,
      "expires_t": 1784727744040,
      "seq": null,
      "last_exec_t": 1784712900000
    },
    "trade": null
  },
  "kBONK": {
    "phase": "SCAN",
    "last_setup_check": 1784713352043,
    "zone": null,
    "trade": null
  },
  "ONDO": {
    "phase": "SCAN",
    "last_setup_check": 1784713341724,
    "zone": null,
    "trade": null
  },
  "NEAR": {
    "phase": "ZONE",
    "last_setup_check": 1784713342216,
    "zone": {
      "direction": "LONG",
      "kval": 19.55935170950546,
      "atr_ctx": 0.01366855639356595,
      "expires_t": 1784727742216,
      "seq": null,
      "last_exec_t": 1784712900000
    },
    "trade": null
  },
  "LIT": {
    "phase": "SCAN",
    "last_setup_check": 1784713341455,
    "zone": null,
    "trade": null
  },
  "FARTCOIN": {
    "phase": "SCAN",
    "last_setup_check": 1784713346256,
    "zone": null,
    "trade": null
  },
  "DOGE": {
    "phase": "ZONE",
    "last_setup_check": 1784713343354,
    "zone": {
      "direction": "LONG",
      "kval": 23.140219931298162,
      "atr_ctx": 0.00027141114356160113,
      "expires_t": 1784727743354,
      "seq": null,
      "last_exec_t": 1784712900000
    },
    "trade": null
  },
  "AAVE": {
    "phase": "ZONE",
    "last_setup_check": 1784713342748,
    "zone": {
      "direction": "LONG",
      "kval": 26.070822731128178,
      "atr_ctx": 0.8482738186817366,
      "expires_t": 1784727742748,
      "seq": null,
      "last_exec_t": 1784712900000
    },
    "trade": null
  },
  "ENA": {
    "phase": "SCAN",
    "last_setup_check": 1784713345053,
    "zone": null,
    "trade": null
  },
  "ADA": {
    "phase": "SCAN",
    "last_setup_check": 1784713350507,
    "zone": null,
    "trade": null
  },
  "ACE": {
    "phase": "SCAN",
    "last_setup_check": 1784713358131,
    "zone": null,
    "trade": null
  },
  "WLD": {
    "phase": "SCAN",
    "last_setup_check": 1784713350232,
    "zone": null,
    "trade": null
  },
  "SUI": {
    "phase": "SCAN",
    "last_setup_check": 1784713345677,
    "zone": null,
    "trade": null
  },
  "TAO": {
    "phase": "ZONE",
    "last_setup_check": 1784713347520,
    "zone": {
      "direction": "LONG",
      "kval": 19.223880597014624,
      "atr_ctx": 1.1679849858491111,
      "expires_t": 1784727747520,
      "seq": null,
      "last_exec_t": 1784712900000
    },
    "trade": null
  },
  "VVV": {
    "phase": "SCAN",
    "last_setup_check": 1784713348111,
    "zone": null,
    "trade": null
  },
  "kPEPE": {
    "phase": "SCAN",
    "last_setup_check": 1784713354101,
    "zone": null,
    "trade": null
  },
  "VIRTUAL": {
    "phase": "SCAN",
    "last_setup_check": 1784713348378,
    "zone": null,
    "trade": null
  },
  "KAITO": {
    "phase": "SCAN",
    "last_setup_check": 1784713347252,
    "zone": null,
    "trade": null
  },
  "MON": {
    "phase": "ZONE",
    "last_setup_check": 1784713355388,
    "zone": {
      "direction": "SHORT",
      "kval": 80.25752508137529,
      "atr_ctx": 0.00022148629934260554,
      "expires_t": 1784719001870,
      "seq": null,
      "last_exec_t": 1784712900000
    },
    "trade": null
  },
  "BCH": {
    "phase": "ZONE",
    "last_setup_check": 1784713348830,
    "zone": {
      "direction": "LONG",
      "kval": 16.02564102564088,
      "atr_ctx": 0.9841563969979286,
      "expires_t": 1784727748830,
      "seq": null,
      "last_exec_t": 1784712900000
    },
    "trade": null
  },
  "AVAX": {
    "phase": "SCAN",
    "last_setup_check": 1784713351593,
    "zone": null,
    "trade": null
  },
  "UNI": {
    "phase": "SCAN",
    "last_setup_check": 1784713351292,
    "zone": null,
    "trade": null
  },
  "HEMI": {
    "phase": "ZONE",
    "last_setup_check": 1784713357518,
    "zone": {
      "direction": "LONG",
      "kval": 22.59347653142396,
      "atr_ctx": 0.00014212376999427737,
      "expires_t": 1784719004401,
      "seq": null,
      "last_exec_t": 1784712900000
    },
    "trade": null
  },
  "XPL": {
    "phase": "SCAN",
    "last_setup_check": 1784713349779,
    "zone": null,
    "trade": null
  },
  "XMR": {
    "phase": "ZONE",
    "last_setup_check": 1784713346730,
    "zone": {
      "direction": "LONG",
      "kval": 17.66319253976959,
      "atr_ctx": 2.4949055691671487,
      "expires_t": 1784718995654,
      "seq": null,
      "last_exec_t": 1784712900000
    },
    "trade": null
  },
  "LINK": {
    "phase": "ZONE",
    "last_setup_check": 1784713350776,
    "zone": {
      "direction": "LONG",
      "kval": 21.440922190201846,
      "atr_ctx": 0.03352803912268507,
      "expires_t": 1784727750776,
      "seq": null,
      "last_exec_t": 1784712900000
    },
    "trade": null
  },
  "PAXG": {
    "phase": "SCAN",
    "last_setup_check": 1784713345947,
    "zone": null,
    "trade": null
  },
  "SPX": {
    "phase": "ZONE",
    "last_setup_check": 1784713352852,
    "zone": {
      "direction": "LONG",
      "kval": 18.258749317466833,
      "atr_ctx": 0.004097608623531105,
      "expires_t": 1784727752852,
      "seq": null,
      "last_exec_t": 1784712900000
    },
    "trade": null
  },
  "BNB": {
    "phase": "SCAN",
    "last_setup_check": 1784713353290,
    "zone": null,
    "trade": null
  },
  "LTC": {
    "phase": "SCAN",
    "last_setup_check": 1784713345322,
    "zone": null,
    "trade": null
  },
  "ZRO": {
    "phase": "SCAN",
    "last_setup_check": 1784713354369,
    "zone": null,
    "trade": null
  },
  "JTO": {
    "phase": "SCAN",
    "last_setup_check": 1784713349422,
    "zone": null,
    "trade": null
  },
  "INJ": {
    "phase": "ZONE",
    "last_setup_check": 1784713358582,
    "zone": {
      "direction": "LONG",
      "kval": 27.702789561640184,
      "atr_ctx": 0.03521873347813522,
      "expires_t": 1784727758582,
      "seq": {
        "ttl": 5,
        "pattern_ext": 5.2244,
        "doji_t": 1784712600000,
        "c1_t": null,
        "confirms": 0,
        "rules": []
      },
      "last_exec_t": 1784712900000
    },
    "trade": null
  },
  "CRV": {
    "phase": "SCAN",
    "last_setup_check": 1784713359259,
    "zone": null,
    "trade": null
  },