{
  "BTC": {
    "last_verdict": "LONG",
    "last_alert_candle": 1784041200000,
    "trade": null
  },
  "TSLA": {
    "last_verdict": "WAIT",
    "last_alert_candle": 1784048400000,
    "trade": null
  },
  "SP500": {
    "last_verdict": "LONG",
    "last_alert_candle": 1784041200000,
    "trade": null
  },
  "SKHX": {
    "last_verdict": "SHORT",
    "last_alert_candle": 1784124000000,
    "trade": {
      "verdict": "SHORT",
      "entry": 1317.8,
      "stop": 1351.2662793868476,
      "tp1": 1273.1782941508698,
      "tp2": 1250.8674412263047,
      "tp1_hit": false,
      "opened_t": 1784124000000,
      "checked_t": 1784124000000
    }
  }
}
